               epoch,      train/box_loss,      train/obj_loss,      train/cls_loss,   metrics/precision,      metrics/recall,     metrics/mAP_0.5,metrics/mAP_0.5:0.95,        val/box_loss,        val/obj_loss,        val/cls_loss,               x/lr0,               x/lr1,               x/lr2
                   0,            0.071087,             0.20022,            0.050053,            0.050575,             0.12517,            0.059168,            0.022012,            0.059964,             0.33682,            0.044508,            0.070093,            0.003323,            0.003323
                   1,            0.059929,             0.21583,            0.039987,             0.38559,             0.20754,             0.11205,            0.040555,            0.053793,             0.35155,            0.038049,            0.040027,           0.0065905,           0.0065905
                   2,            0.055991,             0.22488,             0.03593,             0.29432,             0.25571,             0.12149,            0.050326,            0.052131,             0.35299,            0.035128,           0.0098948,           0.0097919,           0.0097919
                   3,            0.051501,             0.22596,            0.033417,             0.39569,             0.25435,             0.18057,            0.076891,            0.048066,             0.35266,            0.032762,            0.009703,            0.009703,            0.009703
                   4,            0.047768,             0.22729,            0.030561,              0.4244,             0.28488,             0.21365,             0.10619,            0.042432,              0.3492,            0.030512,            0.009703,            0.009703,            0.009703
                   5,            0.045538,             0.22381,            0.028599,             0.46501,             0.28257,             0.23993,             0.12012,            0.041911,             0.34994,            0.028634,            0.009604,            0.009604,            0.009604
                   6,            0.044019,             0.22238,            0.027042,             0.49832,             0.29523,             0.27032,             0.13515,            0.041259,             0.34764,            0.027568,            0.009505,            0.009505,            0.009505
                   7,            0.042807,             0.22159,            0.025968,             0.47502,             0.30794,             0.29587,             0.15434,             0.03996,             0.34324,            0.026809,            0.009406,            0.009406,            0.009406
                   8,            0.041822,             0.22146,            0.025093,             0.38582,             0.33183,             0.31353,             0.16014,            0.040169,             0.34614,            0.026153,            0.009307,            0.009307,            0.009307
                   9,            0.041194,               0.221,            0.024326,             0.38088,              0.3536,             0.32387,             0.16944,            0.039781,             0.34581,            0.025648,            0.009208,            0.009208,            0.009208
                  10,            0.040553,             0.21887,            0.023719,              0.4209,             0.35037,             0.33836,             0.17981,            0.039032,              0.3435,            0.025143,            0.009109,            0.009109,            0.009109
                  11,            0.040089,             0.21887,            0.022957,             0.44464,             0.35941,             0.34869,             0.18712,            0.038619,             0.34078,            0.024544,             0.00901,             0.00901,             0.00901
                  12,            0.039528,             0.21928,            0.022416,              0.4316,             0.36398,               0.349,             0.18911,            0.038369,             0.34329,            0.024672,            0.008911,            0.008911,            0.008911
                  13,            0.039261,             0.21627,            0.022053,             0.46036,             0.36296,             0.36275,             0.20175,            0.037099,             0.33898,            0.023932,            0.008812,            0.008812,            0.008812
                  14,            0.038657,               0.217,            0.021504,             0.45823,             0.37017,             0.37282,             0.20518,             0.03739,             0.34024,            0.023876,            0.008713,            0.008713,            0.008713
                  15,            0.038278,             0.21589,            0.021234,             0.46752,             0.37755,             0.37891,              0.2059,            0.037406,             0.34094,            0.023493,            0.008614,            0.008614,            0.008614
                  16,            0.038145,             0.21702,            0.020831,             0.49353,             0.38703,             0.38989,             0.21895,            0.036696,             0.33761,              0.0232,            0.008515,            0.008515,            0.008515
                  17,            0.037852,             0.21629,            0.020446,             0.48322,              0.3947,             0.39741,             0.22464,            0.036557,               0.338,            0.022729,            0.008416,            0.008416,            0.008416
                  18,            0.037658,             0.21433,            0.020398,             0.47975,             0.40177,             0.40413,             0.22997,            0.036346,             0.33741,            0.022773,            0.008317,            0.008317,            0.008317
                  19,            0.037237,             0.21556,            0.019778,             0.48138,             0.41481,             0.41363,             0.23184,            0.036256,             0.33769,              0.0225,            0.008218,            0.008218,            0.008218
                  20,            0.037002,             0.21088,              0.0197,             0.47685,             0.41513,             0.41267,             0.23622,            0.035898,              0.3353,            0.022405,            0.008119,            0.008119,            0.008119
                  21,            0.036727,             0.20997,            0.019476,             0.49637,             0.41093,             0.41504,             0.23706,            0.035626,             0.33505,            0.022158,             0.00802,             0.00802,             0.00802
                  22,            0.036446,             0.21206,            0.019101,             0.50029,             0.42031,             0.42154,             0.24112,            0.035565,             0.33515,            0.022109,            0.007921,            0.007921,            0.007921
                  23,            0.036316,             0.20918,            0.018958,              0.5083,             0.41762,             0.42389,             0.24202,            0.035664,             0.33475,            0.022079,            0.007822,            0.007822,            0.007822
                  24,            0.036046,             0.20921,            0.018734,             0.50002,               0.434,             0.43153,             0.24794,            0.035477,             0.33512,            0.021735,            0.007723,            0.007723,            0.007723
                  25,            0.035893,             0.20999,            0.018568,             0.50384,             0.43511,             0.43383,             0.24946,            0.035378,              0.3343,            0.021612,            0.007624,            0.007624,            0.007624
                  26,            0.035685,             0.20845,            0.018316,             0.49686,              0.4395,             0.43571,             0.25037,            0.035144,             0.33359,            0.021566,            0.007525,            0.007525,            0.007525
                  27,            0.035597,             0.20751,            0.018272,             0.51283,             0.44264,             0.44152,             0.25367,            0.035201,             0.33505,            0.021455,            0.007426,            0.007426,            0.007426
                  28,            0.035411,               0.209,             0.01822,             0.51137,             0.44604,             0.44586,             0.25634,            0.035014,               0.334,            0.021314,            0.007327,            0.007327,            0.007327
                  29,            0.035216,             0.20872,            0.017908,             0.51957,             0.43822,             0.44037,             0.25392,             0.03503,             0.33481,            0.021243,            0.007228,            0.007228,            0.007228
                  30,            0.035204,             0.20726,            0.017825,             0.51415,             0.44505,             0.44556,             0.25659,            0.034976,             0.33275,            0.021187,            0.007129,            0.007129,            0.007129
                  31,            0.034862,             0.20733,            0.017685,              0.5268,             0.44625,             0.45145,             0.25951,            0.034972,             0.33395,            0.020944,             0.00703,             0.00703,             0.00703
                  32,            0.034819,              0.2085,            0.017389,             0.53086,             0.44005,             0.45221,             0.26201,             0.03472,             0.33332,            0.020964,            0.006931,            0.006931,            0.006931
                  33,            0.034583,             0.20693,            0.017331,             0.52699,             0.45121,             0.45194,             0.25949,            0.034791,             0.33297,            0.020872,            0.006832,            0.006832,            0.006832
                  34,            0.034354,             0.20588,            0.017173,             0.52741,             0.45067,              0.4548,             0.26274,            0.034637,             0.33254,             0.02068,            0.006733,            0.006733,            0.006733
                  35,            0.034415,              0.2054,            0.017098,             0.52781,              0.4531,             0.45782,             0.26409,            0.034554,             0.33271,            0.020546,            0.006634,            0.006634,            0.006634
                  36,            0.034427,             0.20654,            0.017057,             0.53162,              0.4518,             0.45691,             0.26444,            0.034522,             0.33166,            0.020533,            0.006535,            0.006535,            0.006535
                  37,            0.034165,             0.20688,            0.016881,             0.53491,              0.4599,             0.46151,             0.26602,            0.034539,             0.33326,            0.020538,            0.006436,            0.006436,            0.006436
                  38,            0.033932,             0.20208,            0.016625,             0.54554,             0.45231,             0.46363,             0.26843,            0.034309,              0.3315,            0.020394,            0.006337,            0.006337,            0.006337
                  39,            0.034031,             0.20447,            0.016759,             0.53379,             0.46488,             0.46507,              0.2672,            0.034455,              0.3313,            0.020173,            0.006238,            0.006238,            0.006238
                  40,            0.033794,             0.20351,            0.016637,              0.5418,             0.46115,             0.47096,              0.2724,             0.03429,             0.33173,            0.020139,            0.006139,            0.006139,            0.006139
                  41,            0.033623,             0.20258,            0.016443,             0.54064,             0.46133,             0.46702,             0.27144,            0.034218,             0.33174,            0.020296,             0.00604,             0.00604,             0.00604
                  42,             0.03369,              0.2022,            0.016516,             0.54491,             0.45889,             0.46802,               0.272,            0.034218,             0.33039,            0.020295,            0.005941,            0.005941,            0.005941
                  43,            0.033481,             0.20415,            0.016255,             0.53755,             0.46759,             0.47072,             0.27209,             0.03416,             0.33056,            0.020228,            0.005842,            0.005842,            0.005842
                  44,            0.033521,             0.20485,            0.016111,             0.53099,             0.47073,             0.47255,              0.2745,            0.034068,             0.33012,            0.020098,            0.005743,            0.005743,            0.005743
                  45,            0.033232,             0.20117,             0.01616,             0.53216,             0.46664,             0.47129,             0.27312,            0.033996,             0.33068,            0.020145,            0.005644,            0.005644,            0.005644
                  46,            0.033236,             0.20097,            0.015838,             0.55505,             0.46381,             0.47188,             0.27286,             0.03412,             0.33171,            0.020133,            0.005545,            0.005545,            0.005545
                  47,            0.033093,             0.20031,            0.015936,             0.54567,              0.4678,             0.47467,             0.27662,            0.033888,             0.33025,             0.01994,            0.005446,            0.005446,            0.005446
                  48,            0.032993,             0.20176,            0.015871,             0.54987,              0.4696,              0.4757,              0.2765,            0.033959,             0.33087,            0.020157,            0.005347,            0.005347,            0.005347
                  49,            0.032877,             0.20083,            0.015752,             0.54804,             0.47093,             0.47385,             0.27535,            0.033863,              0.3311,             0.02018,            0.005248,            0.005248,            0.005248
                  50,            0.032893,             0.20162,            0.015744,              0.5493,              0.4648,              0.4712,              0.2758,            0.033833,             0.33081,            0.020133,            0.005149,            0.005149,            0.005149
                  51,            0.032822,             0.20008,            0.015668,              0.5433,             0.47735,             0.47789,             0.27808,            0.033724,             0.33106,            0.019991,             0.00505,             0.00505,             0.00505
                  52,            0.032621,             0.19889,            0.015435,              0.5459,             0.48255,              0.4786,              0.2794,            0.033777,              0.3307,            0.019945,            0.004951,            0.004951,            0.004951
                  53,            0.032662,             0.19829,            0.015437,             0.55784,             0.47866,             0.48404,             0.28218,            0.033609,             0.33012,            0.019888,            0.004852,            0.004852,            0.004852
                  54,            0.032586,             0.19883,            0.015418,             0.54577,             0.47793,             0.47947,             0.27981,            0.033744,              0.3299,            0.019914,            0.004753,            0.004753,            0.004753
                  55,            0.032366,             0.20029,            0.015337,             0.55741,             0.47399,             0.47879,             0.27969,            0.033638,             0.33028,            0.019958,            0.004654,            0.004654,            0.004654
                  56,            0.032375,             0.19885,            0.015271,             0.54915,             0.48061,             0.48072,             0.28191,            0.033644,             0.33002,            0.019912,            0.004555,            0.004555,            0.004555
                  57,            0.032247,             0.19642,             0.01512,              0.5611,             0.47708,             0.48331,             0.28292,             0.03359,             0.32956,            0.019883,            0.004456,            0.004456,            0.004456
                  58,            0.032165,             0.19745,            0.015003,             0.55759,             0.48324,              0.4862,             0.28557,            0.033488,             0.32906,            0.019709,            0.004357,            0.004357,            0.004357
                  59,            0.032168,             0.19651,            0.015015,             0.55842,             0.48185,             0.48446,             0.28318,            0.033487,             0.32993,            0.019732,            0.004258,            0.004258,            0.004258
                  60,            0.032097,             0.19742,            0.015082,              0.5619,             0.47942,             0.48548,             0.28433,            0.033539,             0.33055,            0.019598,            0.004159,            0.004159,            0.004159
                  61,            0.031947,             0.19762,            0.014881,             0.54429,             0.48771,             0.48506,              0.2843,            0.033439,             0.32971,            0.019713,             0.00406,             0.00406,             0.00406
                  62,            0.031976,              0.1971,            0.014738,             0.55753,             0.47959,             0.48662,             0.28521,            0.033429,             0.33022,            0.019693,            0.003961,            0.003961,            0.003961
                  63,            0.031934,             0.19607,            0.014767,             0.56808,             0.47583,              0.4869,             0.28566,            0.033516,             0.33009,             0.01983,            0.003862,            0.003862,            0.003862
                  64,            0.031859,             0.19561,            0.014646,             0.56363,             0.48039,              0.4886,              0.2871,            0.033456,             0.33034,            0.019748,            0.003763,            0.003763,            0.003763
                  65,            0.031552,             0.19512,            0.014727,             0.56685,             0.47991,              0.4882,             0.28664,            0.033419,             0.33077,            0.019685,            0.003664,            0.003664,            0.003664
                  66,            0.031647,             0.19433,            0.014448,             0.57043,             0.48216,             0.49137,             0.28999,            0.033336,             0.33003,            0.019559,            0.003565,            0.003565,            0.003565
                  67,             0.03165,             0.19626,            0.014618,             0.57205,             0.48546,             0.49265,             0.28995,            0.033337,             0.33029,            0.019521,            0.003466,            0.003466,            0.003466
                  68,            0.031546,             0.19644,             0.01452,             0.57031,             0.48049,             0.48984,             0.28812,            0.033295,             0.33032,            0.019603,            0.003367,            0.003367,            0.003367
                  69,            0.031501,             0.19462,            0.014392,             0.56607,             0.48356,             0.48996,             0.28746,            0.033305,             0.33052,            0.019641,            0.003268,            0.003268,            0.003268
                  70,            0.031334,             0.19391,            0.014535,             0.55817,             0.48904,              0.4915,              0.2887,            0.033247,             0.32983,            0.019568,            0.003169,            0.003169,            0.003169
                  71,             0.03136,             0.19463,            0.014377,             0.56129,             0.48374,             0.49144,             0.28878,            0.033269,              0.3305,            0.019588,             0.00307,             0.00307,             0.00307
                  72,            0.031154,             0.19186,            0.014265,             0.56479,             0.48867,             0.49145,             0.28974,            0.033285,             0.33061,            0.019667,            0.002971,            0.002971,            0.002971
                  73,            0.031192,             0.19195,            0.014279,              0.5646,             0.48614,             0.49057,             0.28899,            0.033297,             0.33062,            0.019645,            0.002872,            0.002872,            0.002872
                  74,            0.031134,             0.19452,            0.014186,              0.5798,             0.48013,             0.49256,             0.28991,            0.033244,             0.33114,            0.019592,            0.002773,            0.002773,            0.002773
                  75,            0.031131,             0.19398,            0.014212,             0.57389,             0.48536,             0.49279,             0.29086,            0.033195,             0.33065,            0.019611,            0.002674,            0.002674,            0.002674
                  76,            0.031103,             0.19178,            0.013898,             0.57171,             0.49009,             0.49332,             0.29159,            0.033209,             0.33035,            0.019615,            0.002575,            0.002575,            0.002575
                  77,            0.030883,              0.1905,            0.013851,             0.57865,             0.48821,             0.49444,             0.29283,            0.033138,             0.33044,            0.019572,            0.002476,            0.002476,            0.002476
                  78,             0.03085,             0.19147,            0.014003,             0.56801,             0.48825,             0.49272,             0.29102,            0.033161,             0.33078,            0.019632,            0.002377,            0.002377,            0.002377
                  79,            0.030858,             0.19257,            0.013759,             0.57191,             0.48702,              0.4927,             0.29056,            0.033152,             0.33125,            0.019588,            0.002278,            0.002278,            0.002278
                  80,            0.030814,             0.18964,            0.013844,             0.57223,             0.48279,             0.49207,             0.29046,            0.033162,             0.33131,            0.019578,            0.002179,            0.002179,            0.002179
                  81,            0.030733,             0.19062,            0.013726,             0.56943,             0.48522,             0.49223,             0.29146,            0.033156,             0.33151,            0.019593,             0.00208,             0.00208,             0.00208
                  82,            0.030658,             0.19137,             0.01358,             0.57597,             0.48274,             0.49068,             0.29086,            0.033165,             0.33167,            0.019663,            0.001981,            0.001981,            0.001981
                  83,            0.030802,             0.18923,            0.013771,             0.57778,             0.48038,              0.4922,             0.29116,            0.033181,             0.33184,            0.019618,            0.001882,            0.001882,            0.001882
                  84,            0.030596,             0.18922,            0.013618,             0.57012,             0.48478,             0.49103,             0.29019,            0.033201,             0.33196,            0.019672,            0.001783,            0.001783,            0.001783
                  85,            0.030426,             0.18829,            0.013456,             0.57095,             0.48465,             0.49129,             0.29038,            0.033168,             0.33189,            0.019696,            0.001684,            0.001684,            0.001684
                  86,            0.030528,             0.18918,            0.013588,             0.57314,             0.48435,             0.49228,             0.29194,            0.033139,             0.33144,            0.019703,            0.001585,            0.001585,            0.001585
                  87,            0.030491,             0.18955,            0.013539,             0.57812,              0.4791,             0.49211,             0.29129,            0.033151,              0.3317,            0.019752,            0.001486,            0.001486,            0.001486
                  88,            0.030423,             0.18815,            0.013348,             0.57948,             0.48218,             0.49276,             0.29206,            0.033147,             0.33159,             0.01974,            0.001387,            0.001387,            0.001387
                  89,            0.030289,             0.18907,            0.013293,             0.58126,             0.47832,             0.49222,             0.29162,            0.033145,              0.3318,            0.019749,            0.001288,            0.001288,            0.001288
                  90,            0.030334,             0.18701,            0.013254,             0.58009,             0.47997,             0.49201,             0.29151,             0.03314,             0.33192,            0.019766,            0.001189,            0.001189,            0.001189
                  91,            0.030202,             0.18645,            0.013184,             0.58123,             0.48008,             0.49216,             0.29174,            0.033148,              0.3322,            0.019782,             0.00109,             0.00109,             0.00109
                  92,            0.030082,             0.18625,            0.013131,             0.57682,             0.48361,             0.49284,             0.29215,            0.033132,             0.33221,            0.019774,            0.000991,            0.000991,            0.000991
                  93,            0.030168,             0.18697,            0.013127,             0.57199,             0.48506,             0.49331,             0.29187,            0.033135,             0.33227,            0.019775,            0.000892,            0.000892,            0.000892
                  94,            0.030205,             0.18727,            0.013153,             0.57434,             0.48258,             0.49212,             0.29193,            0.033143,             0.33266,            0.019775,            0.000793,            0.000793,            0.000793
                  95,            0.030091,             0.18576,            0.013122,             0.57169,             0.48275,             0.49243,             0.29181,            0.033105,              0.3327,             0.01981,            0.000694,            0.000694,            0.000694
                  96,            0.030101,             0.18645,             0.01304,             0.57114,             0.48134,             0.49247,             0.29117,            0.033123,             0.33292,            0.019828,            0.000595,            0.000595,            0.000595
                  97,            0.030018,             0.18698,            0.012937,             0.57074,             0.48056,             0.49192,             0.29154,            0.033116,              0.3329,            0.019845,            0.000496,            0.000496,            0.000496
                  98,            0.030012,             0.18487,             0.01296,             0.56689,             0.48329,              0.4911,             0.29115,            0.033119,             0.33313,            0.019868,            0.000397,            0.000397,            0.000397
                  99,            0.029818,             0.18563,            0.012892,             0.56637,             0.48452,             0.49084,             0.29157,            0.033125,             0.33317,             0.01987,            0.000298,            0.000298,            0.000298
